{
  "integrations": [
    {
      "id": "a1d8e257-f495-4901-ab2c-fd5df7f48606",
      "name": "Terraform Incoming",
      "action": "CREATE_EVENT_SIMPLE",
      "type": "INBOUND_WEBHOOK",
      "deployed": true,
      "form": "efc4c394-c8bf-45b9-8193-04be370bde9b",
      "script": "var plan_id = 'b14c000f-d789-43f2-9035-59b3b95bda00', form_id = 'efc4c394-c8bf-45b9-8193-04be370bde9b';\nvar xm_ver = 1;\n\nvar endpointpath = '/api/xm/' + xm_ver + '/plans/' + plan_id + '/forms/' + form_id + '/triggers';\n\nvar req = http.request({\n    method: 'POST',\n    endpoint: 'xMatters',\n    path: endpointpath,\n    headers: {\n        'Content-Type': 'application/json',\n    }\n});\n\n// Add requestId to payload\nvar payload = JSON.parse(request.body);\nif (!payload) {\n    payload = {};\n}\npayload.requestId = request.requestId;\npayload.integrationUuid = request.integrationUuid;\n\nvar response = req.write(payload);\n\n// If not 2xx response, throw exception to fail the integration\nif (response.statusCode >= 300) {\n    throw \"Failed to make call to xMatters endpoint. Path: \" + endpointpath + \". Server responded with status \" + response.statusCode;\n}\n\n",
      "environment": "HOSTED"
    }
  ],
  "endpoints": [],
  "constants": []
}